<?xml version="1.0" encoding="UTF-8"?>
<office:document-content xmlns:office="urn:oasis:names:tc:opendocument:xmlns:office:1.0" xmlns:style="urn:oasis:names:tc:opendocument:xmlns:style:1.0" xmlns:text="urn:oasis:names:tc:opendocument:xmlns:text:1.0" xmlns:table="urn:oasis:names:tc:opendocument:xmlns:table:1.0" xmlns:draw="urn:oasis:names:tc:opendocument:xmlns:drawing:1.0" xmlns:fo="urn:oasis:names:tc:opendocument:xmlns:xsl-fo-compatible:1.0" xmlns:xlink="http://www.w3.org/1999/xlink" xmlns:dc="http://purl.org/dc/elements/1.1/" xmlns:meta="urn:oasis:names:tc:opendocument:xmlns:meta:1.0" xmlns:number="urn:oasis:names:tc:opendocument:xmlns:datastyle:1.0" xmlns:svg="urn:oasis:names:tc:opendocument:xmlns:svg-compatible:1.0" xmlns:chart="urn:oasis:names:tc:opendocument:xmlns:chart:1.0" xmlns:dr3d="urn:oasis:names:tc:opendocument:xmlns:dr3d:1.0" xmlns:math="http://www.w3.org/1998/Math/MathML" xmlns:form="urn:oasis:names:tc:opendocument:xmlns:form:1.0" xmlns:script="urn:oasis:names:tc:opendocument:xmlns:script:1.0" xmlns:ooo="http://openoffice.org/2004/office" xmlns:ooow="http://openoffice.org/2004/writer" xmlns:oooc="http://openoffice.org/2004/calc" xmlns:dom="http://www.w3.org/2001/xml-events" xmlns:xforms="http://www.w3.org/2002/xforms" xmlns:xsd="http://www.w3.org/2001/XMLSchema" xmlns:xsi="http://www.w3.org/2001/XMLSchema-instance" xmlns:rpt="http://openoffice.org/2005/report" xmlns:of="urn:oasis:names:tc:opendocument:xmlns:of:1.2" xmlns:xhtml="http://www.w3.org/1999/xhtml" xmlns:grddl="http://www.w3.org/2003/g/data-view#" xmlns:officeooo="http://openoffice.org/2009/office" xmlns:tableooo="http://openoffice.org/2009/table" xmlns:drawooo="http://openoffice.org/2010/draw" xmlns:calcext="urn:org:documentfoundation:names:experimental:calc:xmlns:calcext:1.0" xmlns:loext="urn:org:documentfoundation:names:experimental:office:xmlns:loext:1.0" xmlns:field="urn:openoffice:names:experimental:ooo-ms-interop:xmlns:field:1.0" xmlns:formx="urn:openoffice:names:experimental:ooxml-odf-interop:xmlns:form:1.0" xmlns:css3t="http://www.w3.org/TR/css3-text/" office:version="1.2"><office:scripts/><office:font-face-decls><style:font-face style:name="OpenSymbol" svg:font-family="OpenSymbol" style:font-charset="x-symbol"/><style:font-face style:name="FreeSans1" svg:font-family="FreeSans" style:font-family-generic="swiss"/><style:font-face style:name="Courier 10 Pitch1" svg:font-family="&apos;Courier 10 Pitch&apos;" style:font-pitch="fixed"/><style:font-face style:name="Courier 10 Pitch" svg:font-family="&apos;Courier 10 Pitch&apos;" style:font-adornments="Regular" style:font-pitch="fixed"/><style:font-face style:name="Liberation Serif" svg:font-family="&apos;Liberation Serif&apos;" style:font-family-generic="roman" style:font-pitch="variable"/><style:font-face style:name="Liberation Sans" svg:font-family="&apos;Liberation Sans&apos;" style:font-family-generic="swiss" style:font-pitch="variable"/><style:font-face style:name="Droid Sans Fallback" svg:font-family="&apos;Droid Sans Fallback&apos;" style:font-family-generic="system" style:font-pitch="variable"/><style:font-face style:name="FreeSans" svg:font-family="FreeSans" style:font-family-generic="system" style:font-pitch="variable"/></office:font-face-decls><office:automatic-styles><style:style style:name="P1" style:family="paragraph" style:parent-style-name="Text_20_body"><style:text-properties officeooo:rsid="0007fbd3" officeooo:paragraph-rsid="0007fbd3"/></style:style><style:style style:name="P2" style:family="paragraph" style:parent-style-name="Text_20_body" style:list-style-name="L1"><style:text-properties officeooo:rsid="0007fbd3" officeooo:paragraph-rsid="001372a6"/></style:style><style:style style:name="P3" style:family="paragraph" style:parent-style-name="Text_20_body" style:list-style-name="L1"><style:text-properties officeooo:rsid="0007fbd3" officeooo:paragraph-rsid="0007fbd3"/></style:style><style:style style:name="P4" style:family="paragraph" style:parent-style-name="Text_20_body" style:list-style-name="L1"><style:text-properties officeooo:rsid="001372a6" officeooo:paragraph-rsid="0007fbd3"/></style:style><style:style style:name="P5" style:family="paragraph" style:parent-style-name="Text_20_body" style:list-style-name="L1"><style:text-properties officeooo:rsid="001372a6" officeooo:paragraph-rsid="001372a6"/></style:style><style:style style:name="P6" style:family="paragraph" style:parent-style-name="Text_20_body" style:list-style-name="L2"><style:text-properties officeooo:rsid="001372a6" officeooo:paragraph-rsid="001372a6"/></style:style><style:style style:name="P7" style:family="paragraph" style:parent-style-name="Text_20_body" style:list-style-name="L1"><style:text-properties officeooo:rsid="0008e52b" officeooo:paragraph-rsid="0008e52b"/></style:style><style:style style:name="P8" style:family="paragraph" style:parent-style-name="Text_20_body" style:list-style-name="L2"><style:text-properties officeooo:rsid="000a8b4a" officeooo:paragraph-rsid="000a8b4a"/></style:style><style:style style:name="P9" style:family="paragraph" style:parent-style-name="Heading_20_2"><style:text-properties officeooo:rsid="001372a6" officeooo:paragraph-rsid="001372a6"/></style:style><style:style style:name="P10" style:family="paragraph" style:parent-style-name="code"><style:paragraph-properties fo:break-before="page"/><style:text-properties style:font-name="Courier 10 Pitch1" officeooo:rsid="00181837"/></style:style><style:style style:name="P11" style:family="paragraph" style:parent-style-name="code"><style:text-properties style:font-name="Courier 10 Pitch1" officeooo:rsid="00181837"/></style:style><style:style style:name="P12" style:family="paragraph" style:parent-style-name="Standard" style:list-style-name="L2"/><style:style style:name="P13" style:family="paragraph"><style:paragraph-properties fo:text-align="center"/></style:style><style:style style:name="T1" style:family="text"><style:text-properties fo:font-style="italic" style:font-style-asian="italic" style:font-style-complex="italic"/></style:style><style:style style:name="T2" style:family="text"><style:text-properties officeooo:rsid="001372a6"/></style:style><style:style style:name="T3" style:family="text"><style:text-properties style:font-name="Courier 10 Pitch1"/></style:style><style:style style:name="T4" style:family="text"><style:text-properties style:font-name="Courier 10 Pitch1" officeooo:rsid="00181837"/></style:style><style:style style:name="T5" style:family="text"><style:text-properties style:font-name="Courier 10 Pitch1" officeooo:rsid="001b1b9d"/></style:style><style:style style:name="T6" style:family="text"><style:text-properties style:font-name="Courier 10 Pitch1" fo:font-style="normal" style:font-style-asian="normal" style:font-style-complex="normal"/></style:style><style:style style:name="T7" style:family="text"><style:text-properties style:font-name="Courier 10 Pitch1" fo:font-style="normal" officeooo:rsid="000bd321" style:font-style-asian="normal" style:font-style-complex="normal"/></style:style><style:style style:name="T8" style:family="text"><style:text-properties style:font-name="Courier 10 Pitch1" officeooo:rsid="0016b0c7"/></style:style><style:style style:name="T9" style:family="text"><style:text-properties officeooo:rsid="00152c35"/></style:style><style:style style:name="T10" style:family="text"><style:text-properties officeooo:rsid="0015bfc6"/></style:style><style:style style:name="T11" style:family="text"><style:text-properties officeooo:rsid="0016b0c7"/></style:style><style:style style:name="T12" style:family="text"><style:text-properties officeooo:rsid="001cb094"/></style:style><style:style style:name="fr1" style:family="graphic" style:parent-style-name="Graphics"><style:graphic-properties style:vertical-pos="from-top" style:vertical-rel="paragraph" style:horizontal-pos="from-left" style:horizontal-rel="paragraph" style:mirror="none" fo:clip="rect(0in, 0in, 0in, 0in)" draw:luminance="0%" draw:contrast="0%" draw:red="0%" draw:green="0%" draw:blue="0%" draw:gamma="100%" draw:color-inversion="false" draw:image-opacity="100%" draw:color-mode="standard"/></style:style><style:style style:name="fr2" style:family="graphic" style:parent-style-name="Graphics"><style:graphic-properties style:horizontal-pos="center" style:horizontal-rel="paragraph" style:mirror="none" fo:clip="rect(0in, 0in, 0in, 0in)" draw:luminance="0%" draw:contrast="0%" draw:red="0%" draw:green="0%" draw:blue="0%" draw:gamma="100%" draw:color-inversion="false" draw:image-opacity="100%" draw:color-mode="standard"/></style:style><text:list-style style:name="L1"><text:list-level-style-bullet text:level="1" text:style-name="Bullet_20_Symbols" text:bullet-char="•"><style:list-level-properties text:list-level-position-and-space-mode="label-alignment"><style:list-level-label-alignment text:label-followed-by="listtab" text:list-tab-stop-position="0.5in" fo:text-indent="-0.25in" fo:margin-left="0.5in"/></style:list-level-properties></text:list-level-style-bullet><text:list-level-style-bullet text:level="2" text:style-name="Bullet_20_Symbols" text:bullet-char="◦"><style:list-level-properties text:list-level-position-and-space-mode="label-alignment"><style:list-level-label-alignment text:label-followed-by="listtab" text:list-tab-stop-position="0.75in" fo:text-indent="-0.25in" fo:margin-left="0.75in"/></style:list-level-properties></text:list-level-style-bullet><text:list-level-style-bullet text:level="3" text:style-name="Bullet_20_Symbols" text:bullet-char="▪"><style:list-level-properties text:list-level-position-and-space-mode="label-alignment"><style:list-level-label-alignment text:label-followed-by="listtab" text:list-tab-stop-position="1in" fo:text-indent="-0.25in" fo:margin-left="1in"/></style:list-level-properties></text:list-level-style-bullet><text:list-level-style-bullet text:level="4" text:style-name="Bullet_20_Symbols" text:bullet-char="•"><style:list-level-properties text:list-level-position-and-space-mode="label-alignment"><style:list-level-label-alignment text:label-followed-by="listtab" text:list-tab-stop-position="1.25in" fo:text-indent="-0.25in" fo:margin-left="1.25in"/></style:list-level-properties></text:list-level-style-bullet><text:list-level-style-bullet text:level="5" text:style-name="Bullet_20_Symbols" text:bullet-char="◦"><style:list-level-properties text:list-level-position-and-space-mode="label-alignment"><style:list-level-label-alignment text:label-followed-by="listtab" text:list-tab-stop-position="1.5in" fo:text-indent="-0.25in" fo:margin-left="1.5in"/></style:list-level-properties></text:list-level-style-bullet><text:list-level-style-bullet text:level="6" text:style-name="Bullet_20_Symbols" text:bullet-char="▪"><style:list-level-properties text:list-level-position-and-space-mode="label-alignment"><style:list-level-label-alignment text:label-followed-by="listtab" text:list-tab-stop-position="1.75in" fo:text-indent="-0.25in" fo:margin-left="1.75in"/></style:list-level-properties></text:list-level-style-bullet><text:list-level-style-bullet text:level="7" text:style-name="Bullet_20_Symbols" text:bullet-char="•"><style:list-level-properties text:list-level-position-and-space-mode="label-alignment"><style:list-level-label-alignment text:label-followed-by="listtab" text:list-tab-stop-position="2in" fo:text-indent="-0.25in" fo:margin-left="2in"/></style:list-level-properties></text:list-level-style-bullet><text:list-level-style-bullet text:level="8" text:style-name="Bullet_20_Symbols" text:bullet-char="◦"><style:list-level-properties text:list-level-position-and-space-mode="label-alignment"><style:list-level-label-alignment text:label-followed-by="listtab" text:list-tab-stop-position="2.25in" fo:text-indent="-0.25in" fo:margin-left="2.25in"/></style:list-level-properties></text:list-level-style-bullet><text:list-level-style-bullet text:level="9" text:style-name="Bullet_20_Symbols" text:bullet-char="▪"><style:list-level-properties text:list-level-position-and-space-mode="label-alignment"><style:list-level-label-alignment text:label-followed-by="listtab" text:list-tab-stop-position="2.5in" fo:text-indent="-0.25in" fo:margin-left="2.5in"/></style:list-level-properties></text:list-level-style-bullet><text:list-level-style-bullet text:level="10" text:style-name="Bullet_20_Symbols" text:bullet-char="•"><style:list-level-properties text:list-level-position-and-space-mode="label-alignment"><style:list-level-label-alignment text:label-followed-by="listtab" text:list-tab-stop-position="2.75in" fo:text-indent="-0.25in" fo:margin-left="2.75in"/></style:list-level-properties></text:list-level-style-bullet></text:list-style><text:list-style style:name="L2"><text:list-level-style-bullet text:level="1" text:style-name="Bullet_20_Symbols" text:bullet-char="•"><style:list-level-properties text:list-level-position-and-space-mode="label-alignment"><style:list-level-label-alignment text:label-followed-by="listtab" text:list-tab-stop-position="0.5in" fo:text-indent="-0.25in" fo:margin-left="0.5in"/></style:list-level-properties></text:list-level-style-bullet><text:list-level-style-bullet text:level="2" text:style-name="Bullet_20_Symbols" text:bullet-char="◦"><style:list-level-properties text:list-level-position-and-space-mode="label-alignment"><style:list-level-label-alignment text:label-followed-by="listtab" text:list-tab-stop-position="0.75in" fo:text-indent="-0.25in" fo:margin-left="0.75in"/></style:list-level-properties></text:list-level-style-bullet><text:list-level-style-bullet text:level="3" text:style-name="Bullet_20_Symbols" text:bullet-char="▪"><style:list-level-properties text:list-level-position-and-space-mode="label-alignment"><style:list-level-label-alignment text:label-followed-by="listtab" text:list-tab-stop-position="1in" fo:text-indent="-0.25in" fo:margin-left="1in"/></style:list-level-properties></text:list-level-style-bullet><text:list-level-style-bullet text:level="4" text:style-name="Bullet_20_Symbols" text:bullet-char="•"><style:list-level-properties text:list-level-position-and-space-mode="label-alignment"><style:list-level-label-alignment text:label-followed-by="listtab" text:list-tab-stop-position="1.25in" fo:text-indent="-0.25in" fo:margin-left="1.25in"/></style:list-level-properties></text:list-level-style-bullet><text:list-level-style-bullet text:level="5" text:style-name="Bullet_20_Symbols" text:bullet-char="◦"><style:list-level-properties text:list-level-position-and-space-mode="label-alignment"><style:list-level-label-alignment text:label-followed-by="listtab" text:list-tab-stop-position="1.5in" fo:text-indent="-0.25in" fo:margin-left="1.5in"/></style:list-level-properties></text:list-level-style-bullet><text:list-level-style-bullet text:level="6" text:style-name="Bullet_20_Symbols" text:bullet-char="▪"><style:list-level-properties text:list-level-position-and-space-mode="label-alignment"><style:list-level-label-alignment text:label-followed-by="listtab" text:list-tab-stop-position="1.75in" fo:text-indent="-0.25in" fo:margin-left="1.75in"/></style:list-level-properties></text:list-level-style-bullet><text:list-level-style-bullet text:level="7" text:style-name="Bullet_20_Symbols" text:bullet-char="•"><style:list-level-properties text:list-level-position-and-space-mode="label-alignment"><style:list-level-label-alignment text:label-followed-by="listtab" text:list-tab-stop-position="2in" fo:text-indent="-0.25in" fo:margin-left="2in"/></style:list-level-properties></text:list-level-style-bullet><text:list-level-style-bullet text:level="8" text:style-name="Bullet_20_Symbols" text:bullet-char="◦"><style:list-level-properties text:list-level-position-and-space-mode="label-alignment"><style:list-level-label-alignment text:label-followed-by="listtab" text:list-tab-stop-position="2.25in" fo:text-indent="-0.25in" fo:margin-left="2.25in"/></style:list-level-properties></text:list-level-style-bullet><text:list-level-style-bullet text:level="9" text:style-name="Bullet_20_Symbols" text:bullet-char="▪"><style:list-level-properties text:list-level-position-and-space-mode="label-alignment"><style:list-level-label-alignment text:label-followed-by="listtab" text:list-tab-stop-position="2.5in" fo:text-indent="-0.25in" fo:margin-left="2.5in"/></style:list-level-properties></text:list-level-style-bullet><text:list-level-style-bullet text:level="10" text:style-name="Bullet_20_Symbols" text:bullet-char="•"><style:list-level-properties text:list-level-position-and-space-mode="label-alignment"><style:list-level-label-alignment text:label-followed-by="listtab" text:list-tab-stop-position="2.75in" fo:text-indent="-0.25in" fo:margin-left="2.75in"/></style:list-level-properties></text:list-level-style-bullet></text:list-style><style:style style:name="gr1" style:family="graphic"><style:graphic-properties svg:stroke-width="0.1201in" svg:stroke-color="#c5000b" draw:textarea-horizontal-align="center" draw:textarea-vertical-align="middle" fo:padding-top="0.0598in" fo:padding-bottom="0.0598in" fo:padding-left="0.0598in" fo:padding-right="0.0598in" style:run-through="foreground" style:wrap="run-through" style:number-wrapped-paragraphs="no-limit" style:vertical-pos="from-top" style:vertical-rel="paragraph" style:horizontal-pos="from-left" style:horizontal-rel="paragraph" draw:wrap-influence-on-position="once-concurrent" style:flow-with-text="false"/></style:style></office:automatic-styles><office:body><office:text text:use-soft-page-breaks="true"><text:sequence-decls><text:sequence-decl text:display-outline-level="0" text:name="Illustration"/><text:sequence-decl text:display-outline-level="0" text:name="Table"/><text:sequence-decl text:display-outline-level="0" text:name="Text"/><text:sequence-decl text:display-outline-level="0" text:name="Drawing"/></text:sequence-decls><text:h text:style-name="Heading_20_1" text:outline-level="1">No Primitives</text:h><text:p text:style-name="Text_20_body"/><text:list xml:id="list7536713821556390619" text:style-name="L1"><text:list-item><text:p text:style-name="P2"><text:span text:style-name="T2">Wrap all primitive values </text:span>(<text:span text:style-name="T8">number</text:span>, <text:span text:style-name="T8">string</text:span>, ...)</text:p></text:list-item><text:list-item><text:p text:style-name="P4">No primitive values as arguments</text:p></text:list-item><text:list-item><text:p text:style-name="P7"><text:span text:style-name="T1">Challenge</text:span>: max. 2 <text:span text:style-name="T2">a</text:span>ttribute<text:span text:style-name="T2">s</text:span> <text:span text:style-name="T2">per class</text:span></text:p></text:list-item><text:list-item><text:p text:style-name="P3"><text:span text:style-name="T2">Exceptions</text:span>: </text:p><text:list><text:list-item><text:p text:style-name="P5"><text:span text:style-name="T11">c</text:span>onstructors may take primitive arguments</text:p></text:list-item><text:list-item><text:p text:style-name="P5">local variables</text:p></text:list-item></text:list></text:list-item></text:list><text:h text:style-name="P9" text:outline-level="2"><draw:path text:anchor-type="paragraph" draw:z-index="2" draw:style-name="gr1" draw:text-style-name="P13" svg:width="3.0453in" svg:height="0.1551in" draw:transform="rotate (-0.613832297926406) translate (2.1747771242775in 0.519806456708499in)" svg:viewBox="0 0 7736 395" svg:d="M0 20c294-45 591 0 887-5 326-6 651 69 982 91 356 25 628 222 990 220 365-2 648-183 1056-71 249 68 508-125 775-87 279 41 571-31 851 20 302 55 604 25 907 62 295 36 591 52 888 76l290 65 110 4"><text:p/></draw:path><draw:path text:anchor-type="paragraph" draw:z-index="3" draw:style-name="gr1" draw:text-style-name="P13" svg:width="2.8705in" svg:height="1.0386in" draw:transform="rotate (1.0157816246607) translate (2.10972222222222in 2.39236111111111in)" svg:viewBox="0 0 7292 2639" svg:d="M0 0c277 21 557 18 829 82 253 59 468 208 666 365 199 157 421 288 643 407 241 129 518 189 752 336 205 129 398 281 611 400 261 146 577 163 870 187 310 25 615 59 913 135 292 75 588 151 865 267 250 105 492 247 761 307l286 82 96 71"><text:p/></draw:path>Example</text:h><text:p text:style-name="P1"><draw:frame draw:style-name="fr1" draw:name="Image1" text:anchor-type="paragraph" svg:x="-0.0783in" svg:y="2.0256in" svg:width="6.6929in" svg:height="2.3382in" draw:z-index="0"><draw:image xlink:href="Pictures/10000201000003270000011A69CB65B0.png" xlink:type="simple" xlink:show="embed" xlink:actuate="onLoad"/></draw:frame><draw:frame draw:style-name="fr2" draw:name="Image2" text:anchor-type="paragraph" svg:width="2.0575in" svg:height="1.6299in" draw:z-index="1"><draw:image xlink:href="Pictures/1000020100000117000000DDADB7BE09.png" xlink:type="simple" xlink:show="embed" xlink:actuate="onLoad"/></draw:frame></text:p><text:p text:style-name="P1"/><text:p text:style-name="P1"/><text:p text:style-name="P1"/><text:p text:style-name="P1"/><text:p text:style-name="P1"/><text:h text:style-name="Heading_20_2" text:outline-level="2"/><text:h text:style-name="P9" text:outline-level="2">Advantages</text:h><text:list xml:id="list1685639987213321823" text:style-name="L2"><text:list-item><text:p text:style-name="P8"><text:span text:style-name="T2">Easier to change internals </text:span>(<text:span text:style-name="T2">e.g</text:span>. <text:span text:style-name="T2">type of </text:span><text:span text:style-name="T7">z</text:span><text:span text:style-name="T6">ip</text:span>)</text:p></text:list-item><text:list-item><text:p text:style-name="P6"><text:span text:style-name="T12">Easier to </text:span>reuse</text:p></text:list-item><text:list-item><text:p text:style-name="P12">SRP: Mor<text:span text:style-name="T9">e</text:span> small <text:span text:style-name="T10">specialized</text:span> classes (e.g.. <text:span text:style-name="T3">isAtLeastFullAge</text:span> on <text:span text:style-name="T3">Age</text:span> instead <text:span text:style-name="T3">Person</text:span>)</text:p></text:list-item></text:list><text:p text:style-name="P10">class Person {</text:p><text:p text:style-name="P11"><text:s text:c="4"/>constructor(age, forename, surname) {</text:p><text:p text:style-name="P11"><text:s text:c="8"/>this.age = age;</text:p><text:p text:style-name="P11"><text:s text:c="8"/>this.forename = forename;</text:p><text:p text:style-name="P11"><text:s text:c="8"/>this.surname = surname;</text:p><text:p text:style-name="P11"><text:tab/>}</text:p><text:p text:style-name="P11">}</text:p><text:p text:style-name="P11">class Age {</text:p><text:p text:style-name="P11"><text:s text:c="4"/>constructor(age) { this.age = age; }</text:p><text:p text:style-name="P11"><text:s text:c="4"/>isAtLeastFullAge() {</text:p><text:p text:style-name="P11"><text:s text:c="8"/>return this.age &gt; 18;</text:p><text:p text:style-name="P11"><text:s text:c="4"/>}</text:p><text:p text:style-name="P11">}</text:p><text:p text:style-name="P11">class Name {</text:p><text:p text:style-name="P11"><text:s text:c="4"/>construct(name) {</text:p><text:p text:style-name="P11"><text:s text:c="8"/>this.name = name;</text:p><text:p text:style-name="P11"><text:s text:c="4"/>}</text:p><text:p text:style-name="P11">}</text:p><text:p text:style-name="code"><text:span text:style-name="T4">let </text:span><text:span text:style-name="T5">someone</text:span><text:span text:style-name="T4"> = new Person(</text:span></text:p><text:p text:style-name="P11"><text:tab/>new Age(35), </text:p><text:p text:style-name="P11"><text:tab/>new Name(&apos;John&apos;), </text:p><text:p text:style-name="P11"><text:tab/>new Name(&apos;Smith&apos;)</text:p><text:p text:style-name="P11">); </text:p></office:text></office:body></office:document-content>