<?xml version="1.0" encoding="UTF-8"?>
<office:document-meta xmlns:office="urn:oasis:names:tc:opendocument:xmlns:office:1.0" xmlns:xlink="http://www.w3.org/1999/xlink" xmlns:dc="http://purl.org/dc/elements/1.1/" xmlns:meta="urn:oasis:names:tc:opendocument:xmlns:meta:1.0" xmlns:ooo="http://openoffice.org/2004/office" xmlns:grddl="http://www.w3.org/2003/g/data-view#" office:version="1.2"><office:meta><meta:initial-creator>Marco Emrich</meta:initial-creator><meta:creation-date>2015-01-13T12:06:54.098068205</meta:creation-date><dc:date>2015-04-20T18:48:41.388426719</dc:date><dc:creator>Marco Emrich</dc:creator><meta:editing-duration>PT2H10M20S</meta:editing-duration><meta:editing-cycles>23</meta:editing-cycles><meta:generator>LibreOffice/4.2.7.2$Linux_X86_64 LibreOffice_project/420m0$Build-2</meta:generator><meta:printed-by>Marco Emrich</meta:printed-by><meta:print-date>2015-04-20T13:53:43.297426879</meta:print-date><meta:document-statistic meta:table-count="0" meta:image-count="2" meta:object-count="0" meta:page-count="2" meta:paragraph-count="35" meta:word-count="118" meta:character-count="764" meta:non-whitespace-character-count="618"/></office:meta></office:document-meta>